team,file,student_name,national_id
Cyberleak,algoritmo_genetico_1.py,,
Cyberleak,algoritmo_genetico_2.py,,
Cyberleak,algoritmo_genetico_3.py,,
G1,algoritmo_genetico_1.py,,
G1,algoritmo_genetico_2.py,,
G1,algoritmo_genetico_3.py,,
Innova,algoritmo_genetico_1.py,,
Innova,algoritmo_genetico_2.py,,
Innova,algoritmo_genetico_3.py,,
Resuelve,algoritmo_genetico_1.py,,
Resuelve,algoritmo_genetico_2.py,,
Resuelve,algoritmo_genetico_3.py,,
areperos,algoritmo_genetico_1.py,,
areperos,algoritmo_genetico_2.py,,
areperos,algoritmo_genetico_3.py,,
LUMON,algoritmo_genetico_1.py,,
LUMON,algoritmo_genetico_2.py,,
LUMON,algoritmo_genetico_3.py,,
Aris,algoritmo_genetico_1.py,,
Aris,algoritmo_genetico_2.py,,
Aris,algoritmo_genetico_3.py,,
