author_email,last_name,first_name,evidence
diego.goncalves@correo.unimet.edu.ve,Goncalves,Diego,commit de su perceptron en la Tarea 1
m.maximo@correo.unimet.edu.ve,Mujica,Máximo,commit de su perceptron en la Tarea 1
veronica.giron@correo.unimet.edu.ve,Girón,Verónica,commit de su perceptron en la Tarea 1
andres.arrieta.04@gmail.com,Arrieta,Andrés,commit de su perceptron en la Tarea 1
richardyrady70@gmail.com,Yrady,Richard,commit de su perceptron en la Tarea 1
122279533+GiselleEsclasans@users.noreply.github.com,Esclasans,Giselle,commit de su perceptron en la Tarea 1
danazambranoleon@gmail.com,Zambrano,Daniela,commit de su perceptron en la Tarea 1
ramirezares.2023@gmail.com,Ramírez,Ares,commit de su perceptron en la Tarea 1
jonathan.sarli@correo.unimet.edu.ve,Sarli,Jonathan,commit de su perceptron en la Tarea 1
144801892+JonathanSarli@users.noreply.github.com,Sarli,Jonathan,INFERIDO: el usuario JonathanSarli (confirmar)
168392765+GabrielJimenez12@users.noreply.github.com,Jiménez,Gabriel,INFERIDO: el usuario GabrielJimenez12 (confirmar)
diego.moreno@correo.unimet.edu.ve,Moreno,Diego,commit de su perceptron en la Tarea 1
diegomri0102@gmail.com,Moreno,Diego,commit de su perceptron en la Tarea 1
alexramirez.contact@gmail.com,Ramírez,Alexander,INFERIDO: Alex Ramirez en el repo de LUMON (confirmar)
d.mendez@correo.unimet.edu.ve,Mendez,Diego,commit de su perceptron en la Tarea 1
mario.suso@farmatodo.com,Suso,Mario,commit de su perceptron en la Tarea 1
122051444+Arturop0805@users.noreply.github.com,Pulgar,Arturo,commit de su perceptron en la Tarea 1
apulgar@correo.edu.ve,Pulgar,Arturo,"commit de su perceptron en la Tarea 1 (también firmó el de Christian Goncalves, confirmar)"
tomas.paraco@correo.unimet.edu.ve,Paraco,Tomás,commit de su perceptron en la Tarea 1
anthony.caldera@correo.unimet.edu.ve,Caldera,Anthony,commit de su perceptron en la Tarea 1
padronp@correo.unimet.edu.ve,Padrón,Alexandra,commit de su perceptron en la Tarea 1
samantha.rojas@correo.unimet.edu.ve,Rojas,Samantha,commit de su perceptron en la Tarea 1
